{"accuracy": [0.5900561809539795, 0.857258677482605, 0.9129810333251953, 0.9388149976730347, 0.9542925953865051, 0.9642648696899414, 0.9710932374000549, 0.9750622510910034, 0.9780354499816895, 0.9822035431861877], "loss": [1.3889975547790527, 0.4552103877067566, 0.26897287368774414, 0.18713225424289703, 0.14075501263141632, 0.10961544513702393, 0.08967424929141998, 0.07593990117311478, 0.06625783443450928, 0.05514831840991974], "val_accuracy": [0.8323469161987305, 0.8976781368255615, 0.9262462854385376, 0.9309127926826477, 0.9467334151268005, 0.9484407305717468, 0.9657978415489197, 0.9650011658668518, 0.963862955570221, 0.9623833298683167], "val_loss": [0.5523613691329956, 0.3174949288368225, 0.23124107718467712, 0.21130241453647614, 0.16480588912963867, 0.16099056601524353, 0.10786952078342438, 0.11490331590175629, 0.12009575217962265, 0.12834320962429047]}